wn_synset,wn_definition,wn_ili,wn_members,wn_wd_qid,in_oewn,in_oenn,has_p5063,existing_ilis,status,qid_statuses
90002371-n,torture where water is poured over the face of a captive simulating drowning,,waterboarding,Q2552748,TRUE,FALSE,FALSE,,NEEDS_NEW_ILI,Q2552748:NO_P5063
90015801-n,A mechanism used to limit access to only paying users,,paywall,Q910845,TRUE,FALSE,FALSE,,NEEDS_NEW_ILI,Q910845:NO_P5063
81495019-n,a jackal native to Europe and Asia with a golden coat,,jackal|Canis aureus|golden jackal,Q128098,TRUE,FALSE,FALSE,,NEEDS_NEW_ILI,Q128098:NO_P5063
82475871-n,a canid living in the deserts of Northern Africa related to the golden jackal and the grey wolf,,jackal|Canis anthus|African golden wolf|Egyptian jackal|grey jackal,Q20744349,TRUE,FALSE,FALSE,,NEEDS_NEW_ILI,Q20744349:NO_P5063
83443092-n,a jackal native to Africa with a black back,,jackal|Canis mesomelas|black-backed jackal,Q125814326|Q188944,TRUE,FALSE,FALSE,,NEEDS_NEW_ILI,Q125814326:NO_P5063; Q188944:NO_P5063
83443092-n,a jackal native to Africa with a black back,,jackal|Canis mesomelas|black-backed jackal,Q125814326|Q188944,TRUE,FALSE,FALSE,,NEEDS_NEW_ILI,Q125814326:NO_P5063; Q188944:NO_P5063
85147429-n,a jackal native to Southern Africa with a stripe down its side,,jackal|Canis adustus|side-striped jackal,Q125815593|Q208079,TRUE,FALSE,FALSE,,NEEDS_NEW_ILI,Q125815593:NO_P5063; Q208079:NO_P5063
85147429-n,a jackal native to Southern Africa with a stripe down its side,,jackal|Canis adustus|side-striped jackal,Q125815593|Q208079,TRUE,FALSE,FALSE,,NEEDS_NEW_ILI,Q125815593:NO_P5063; Q208079:NO_P5063
85534571-n,a venomous snake from southern Africa noted for the black interior of its mouth,,black mamba|Dendroaspis polylepis,Q188690,TRUE,FALSE,FALSE,,NEEDS_NEW_ILI,Q188690:NO_P5063
92428876-n,A leavening agent (also known as raising agent or leaven agent) is a substance added to dough or batter to make it lighter and softer.,,leavening agent|raising agent|leaven agent,Q908833,TRUE,FALSE,FALSE,,NEEDS_NEW_ILI,Q908833:NO_P5063
92429012-n,a line of clothes for one season developed by a fashion designer.,,fashion collection,Q5480329,TRUE,FALSE,FALSE,,NEEDS_NEW_ILI,Q5480329:NO_P5063
92438037-n,a form of abstract art in which paint is dripped or poured onto the canvas.,,drip painting,Q1259130,TRUE,FALSE,FALSE,,NEEDS_NEW_ILI,Q1259130:NO_P5063
92439235-n,a type of art which relies on moving pictures and comprises video and/or audio data.,,video art,Q682010,TRUE,FALSE,FALSE,,NEEDS_NEW_ILI,Q682010:NO_P5063
92439251-n,the characteristic style in Neo-Impressionist painting defined by the separation of colors into individual dots or patches which interacted optically.,,Divisionism,Q2487023,TRUE,FALSE,FALSE,,NEEDS_NEW_ILI,Q2487023:NO_P5063
92444179-n,"a close combat weapon in which the main fighting part of the weapon is fitted to the end of a long shaft, typically of wood, thereby extending the user's effective range.",,polearm|pole weapon,Q649107,TRUE,FALSE,FALSE,,NEEDS_NEW_ILI,Q649107:NO_P5063
92448497-n,"a motor vehicle designed to carry liquefied loads, dry bulk cargo or gases on roads.",,tanker truck|tanker|tank truck,Q20465,TRUE,FALSE,FALSE,,NEEDS_NEW_ILI,Q20465:NO_P5063
92459652-n,An induction or asynchronous motor is an AC electric motor in which the electric current in the rotor needed to produce torque is obtained by electromagnetic induction from the magnetic field of the stator winding.,,asynchronous motor|induction motor,Q207450,TRUE,FALSE,FALSE,,NEEDS_NEW_ILI,Q207450:NO_P5063
92460215-n,A pile driving device consisting of a large two-stroke diesel engine.,,diesel hammer|diesel pile hammer,Q4161419,TRUE,FALSE,FALSE,,NEEDS_NEW_ILI,Q4161419:NO_P5063
92460744-n,"a type of rail car that has two levels of passenger accommodation, as opposed to one, increasing passenger capacity.",,bilevel car|double-deck carriage|bilevel railcar|bilevel rail car|double-deck railcar|double-deck rail car,Q1243337,TRUE,FALSE,FALSE,,NEEDS_NEW_ILI,Q1243337:NO_P5063
92461089-n,"a computation system that makes direct use of quantum-mechanical phenomena, such as superposition and entanglement, to perform operations on data.",,quantum computer,Q176555,TRUE,FALSE,FALSE,,NEEDS_NEW_ILI,Q176555:NO_P5063
92463414-n,a furnace for heating the metal charge contained in refractory crucibles.,,crucible furnace,Q2432040,TRUE,FALSE,FALSE,,NEEDS_NEW_ILI,Q2432040:NO_P5063
92465443-n,yarn made from silk waste.,,spun silk,Q476147,TRUE,FALSE,FALSE,,NEEDS_NEW_ILI,Q476147:NO_P5063
90007211-n,a computer architecture based on the Intel 8086 chip,,x86,Q182933,TRUE,FALSE,FALSE,,NEEDS_NEW_ILI,Q182933:NO_P5063
92406275-n,the weight per unit volume of a material.,,specific weight,Q749542,TRUE,FALSE,FALSE,,NEEDS_NEW_ILI,Q749542:NO_P5063
92436849-n,the main school of painting and sculpture practiced by the Russian Futurists.,,cubo-futurism,Q1400843,TRUE,FALSE,FALSE,,NEEDS_NEW_ILI,Q1400843:NO_P5063
06162890-n,the study of wooden plants,,dendrology,Q192658,TRUE,FALSE,FALSE,,NEEDS_NEW_ILI,Q192658:NO_P5063
92436708-n,"a measure of statistical dispersion, being equal to the difference between the upper and lower quartiles.",,interquartile range|midspread|middle fifty,Q1916617,TRUE,FALSE,FALSE,,NEEDS_NEW_ILI,Q1916617:NO_P5063
92437059-n,"In particle physics, the unified description of two of the four known fundamental interactions of nature: electromagnetism and the weak interaction.",,electroweak interaction,Q466416,TRUE,FALSE,FALSE,,NEEDS_NEW_ILI,Q466416:NO_P5063
92437064-n,memories that can be consciously recalled such as facts and knowledge.,,declarative memory,Q18603,TRUE,FALSE,FALSE,,NEEDS_NEW_ILI,Q18603:NO_P5063
92438778-n,a revolutionary anarchist doctrine that advocates the abolition of both the state and private ownership of the means of production.,,anarcho-collectivism|collectivist anarchism,Q223178,TRUE,FALSE,FALSE,,NEEDS_NEW_ILI,Q223178:NO_P5063
92439922-n,a pseudo-scientific hypothesis that posits that intelligent extraterrestrial beings have visited Earth and made contact with humans in antiquity and prehistory.,,ancient astronaut hypothesis|paleocontact hypothesis,Q646988,TRUE,FALSE,FALSE,,NEEDS_NEW_ILI,Q646988:NO_P5063
92440143-n,socialism associated chiefly with Marxians and based principally upon a belief that historical forces (as economic determinism and the class struggle) determine usually by violent means the achievement of socialist goals.,,scientific socialism,Q865354,TRUE,FALSE,FALSE,,NEEDS_NEW_ILI,Q865354:NO_P5063
92440148-n,"the interdisciplinary study of systems in general, with the goal of elucidating principles that can be applied to all types of systems at all nesting levels in all fields of research.",,systems theory,Q269699,TRUE,FALSE,FALSE,,NEEDS_NEW_ILI,Q269699:NO_P5063
92440554-n,"the original version of string theory, developed in the late 1960s.",,bosonic string theory,Q1202882,TRUE,FALSE,FALSE,,NEEDS_NEW_ILI,Q1202882:NO_P5063
92446523-n,A type of socialism which attempts to reach feasible goals instead of aiming for the ultimate goals of Marxism-Leninism.,,real socialism,Q206313,TRUE,FALSE,FALSE,,NEEDS_NEW_ILI,Q206313:NO_P5063
92447049-n,any set of axioms from which some or all axioms can be used in conjunction to logically derive theorems.,,axiomatic system,Q792542,TRUE,FALSE,FALSE,,NEEDS_NEW_ILI,Q792542:NO_P5063
92447050-n,"(logic and mathematics) abstract, theoretical organization of terms and implicit relationships that is used as a tool for the analysis of the concept of deduction.",,formal system,Q649732,TRUE,FALSE,FALSE,,NEEDS_NEW_ILI,Q649732:NO_P5063
06346843-n,(law) a name or sign used on certain products which corresponds to a specific geographical location or origin,,geographical indication|GI,Q325668,TRUE,FALSE,FALSE,,NEEDS_NEW_ILI,Q325668:NO_P5063
06600315-n,"malicious software, designed to break into a system",,malware,Q14001,TRUE,FALSE,FALSE,,NEEDS_NEW_ILI,Q14001:NO_P5063
07015100-n,"a hand-held device, usually of paper, cardboard, or plastic, for conducting simple calculations or looking up information",,slide chart,Q1707296,TRUE,FALSE,FALSE,,NEEDS_NEW_ILI,Q1707296:NO_P5063
81058259-n,the English language as used in Canada,,Canadian English,Q44676,TRUE,FALSE,FALSE,,NEEDS_NEW_ILI,Q44676:NO_P5063
82423757-n,English as spoken in the UK,,British English|UK English,Q7979,TRUE,FALSE,FALSE,,NEEDS_NEW_ILI,Q7979:NO_P5063
84545177-n,"a Romance language spoken in Southern France, Monaco, Spain and Italy",,Occitan|Provencal|Provençal|lenga d'oc|lenga d'òc,Q14185,TRUE,FALSE,FALSE,,NEEDS_NEW_ILI,Q14185:NO_P5063
90004041-n,"A genre of electronic music descended from 2-step garage, characterised by its dark mood, sparse, half-step and two-step rhythms, an average bpm of 140 and an emphasis on sub-bass.",,dubstep,Q20474,TRUE,FALSE,FALSE,,NEEDS_NEW_ILI,Q20474:NO_P5063
90009981-n,malicious software that makes a computer unusable unless a payment is made to the attacker,,ransomware,Q926331,TRUE,FALSE,FALSE,,NEEDS_NEW_ILI,Q926331:NO_P5063
92413265-n,a meter of poetry consisting of three iambic units per line.,,iambic trimeter,Q966479,TRUE,FALSE,FALSE,,NEEDS_NEW_ILI,Q966479:NO_P5063
92441266-n,"the technique, found in some medieval English music, of singing voice parts in parallel thirds.",,gymel,Q2247870,TRUE,FALSE,FALSE,,NEEDS_NEW_ILI,Q2247870:NO_P5063
92441674-n,a musical scale having intervals that mutate between major and minor and used especially in jazz.,,blues scale,Q304144,TRUE,FALSE,FALSE,,NEEDS_NEW_ILI,Q304144:NO_P5063
92441675-n,an eight-note scale made up of alternating semitones and whole tones.,,octatonic scale,Q1325245,TRUE,FALSE,FALSE,,NEEDS_NEW_ILI,Q1325245:NO_P5063
92446326-n,a sign indicating the operation of multiplication.,,multiplication dot|times sign|multiplication sign,Q1900125,TRUE,FALSE,FALSE,,NEEDS_NEW_ILI,Q1900125:NO_P5063
92448268-n,"a suite of internet protocols, which provide Security transparency, security and network management.",,fast local internet protocol|FLIP,Q1503045,TRUE,FALSE,FALSE,,NEEDS_NEW_ILI,Q1503045:NO_P5063
92448536-n,"a dramatized, purely acoustic performance, broadcast on radio or published on audio media, such as tape or CD.",,radio theatre|radio theater|audio drama|radio drama,Q2635894,TRUE,FALSE,FALSE,,NEEDS_NEW_ILI,Q2635894:NO_P5063
92460878-n,a vowel sound made with your tongue near the top of your mouth.,,high vowel|close vowel,Q815839,TRUE,FALSE,FALSE,,NEEDS_NEW_ILI,Q815839:NO_P5063
92460927-n,a word that is treated in pronunciation as forming a part of a neighboring word and that is often unaccented or contracted.,,clitic,Q213458,TRUE,FALSE,FALSE,,NEEDS_NEW_ILI,Q213458:NO_P5063
92460995-n,"medieval drama, based on incidents in the Bible and performed in churches on holy days, usually in Latin and often chanted.",,liturgical drama,Q1253136,TRUE,FALSE,FALSE,,NEEDS_NEW_ILI,Q1253136:NO_P5063
92461541-n,"in cartooning, a rounded outline containing words.",,speech balloon|speech bubble,Q827198,TRUE,FALSE,FALSE,,NEEDS_NEW_ILI,Q827198:NO_P5063
92461551-n,"a type of consonant in some languages, e.g., Hausa, produced by sudden release of pressure from the glottis.",,ejective|ejective consonant,Q827454,TRUE,FALSE,FALSE,,NEEDS_NEW_ILI,Q827454:NO_P5063
92461606-n,"a Semitic language of ancient Ethiopia, now used only as the liturgical language of the Ethiopian Church.",,Ge'ez,Q35667,TRUE,FALSE,FALSE,,NEEDS_NEW_ILI,Q35667:NO_P5063
92461959-n,"an inflectional language, or one characterized by grammatical endings.",,synthetic language,Q48612,TRUE,FALSE,FALSE,,NEEDS_NEW_ILI,Q48612:NO_P5063
92462158-n,(phonetics) Any sound articulated with the tongue near or touching the back of the alveolar ridge.,,post-alveolar|postalveolar|post-alveolar consonant|postalveolar consonant,Q49748,TRUE,FALSE,FALSE,,NEEDS_NEW_ILI,Q49748:NO_P5063
92462373-n,"is a form of humour predicated on deliberate violations of causal reasoning, producing events and behaviours that are obviously illogical.",,surreal humor|surreal humour|absurdist humour|absurdist humor,Q1092460,TRUE,FALSE,FALSE,,NEEDS_NEW_ILI,Q1092460:NO_P5063
92463294-n,"(linguistics) Any vowel sound made with a somewhat elevated position of some certain part of the tongue, in relation to the palate; midway between the high and the low.",,mid vowel,Q1650645,TRUE,FALSE,FALSE,,NEEDS_NEW_ILI,Q1650645:NO_P5063
92466500-n,"an Indo-European language that shows distinctive preservation of the Proto-Indo-European labiovelars and that shows a historical development of velar articulations, as the sounds /k/ or /kʰ/ (‘kh’) from Proto-Indo-European palatal phonemes.",,Centum language,Q20894484,TRUE,FALSE,FALSE,,NEEDS_NEW_ILI,Q20894484:NO_P5063
90008911-n,an event involving a marathon coding session,,hackathon,Q46855,TRUE,FALSE,FALSE,,NEEDS_NEW_ILI,Q46855:NO_P5063
07674441-n,the portion of the loin from which porterhouse steaks are cut,,short loin,Q1186598,TRUE,FALSE,FALSE,,NEEDS_NEW_ILI,Q1186598:NO_P5063
91000881-n,a Canadian dish made with french fries and cheese curds topped with a light brown gravy,,poutine,Q396184,TRUE,FALSE,FALSE,,NEEDS_NEW_ILI,Q396184:NO_P5063
92426961-n,"Clapp's Favourite is a useful early-season pear, ripening in mid-August.",,Clapp's Favourite,Q1095094,TRUE,FALSE,FALSE,,NEEDS_NEW_ILI,Q1095094:NO_P5063
88679190-n,the set of ordered pairs of two given sets,,Cartesian product|product|direct product,Q173740,TRUE,FALSE,FALSE,,NEEDS_NEW_ILI,Q173740:NO_P5063
92444667-n,a generalized metric space in which the distance between two distinct points can be zero.,,semi-metric space|pseudometric space,Q1397059,TRUE,FALSE,FALSE,,NEEDS_NEW_ILI,Q1397059:NO_P5063
86097949-n,"a country in Southeastern Europe bordering Bosnia, Albania and Serbia, formerly part of Yugoslavia",,Montenegro|Crna Gora,Q236,TRUE,FALSE,FALSE,,NEEDS_NEW_ILI,Q236:NO_P5063
92462504-n,a body that emits radiation in constant proportion to the corresponding black-body radiation.,,grey body|gray body,Q5667724,TRUE,FALSE,FALSE,,NEEDS_NEW_ILI,Q5667724:NO_P5063
90009161-n,an entrepreneur and a mother,,mompreneur,Q6897501,TRUE,FALSE,FALSE,,NEEDS_NEW_ILI,Q6897501:NO_P5063
83131879-n,"a deciduous conifer of the genus Taxodium, native to North America",,pond cypress|bald cypress|Taxodium ascendens,Q759873,TRUE,FALSE,FALSE,,NEEDS_NEW_ILI,Q759873:NO_P5063
84172907-n,cypress tree of river valleys of Mexican highlands,,Montezuma cypress|Mexican swamp cypress|Taxodium mucronatum,Q1429751,TRUE,FALSE,FALSE,,NEEDS_NEW_ILI,Q1429751:NO_P5063
86402365-n,"a species of perennial, herbaceous plant that is native to Europe",,Euphorbia villosa,Q160026,TRUE,FALSE,FALSE,,NEEDS_NEW_ILI,Q160026:NO_P5063
88957229-n,"an annual herb that grows in open grasslands, roadsides and pathways that originates in the Americas and is used in traditional herbal medicine",,Euphorbia hirta,Q14549482|Q36177,TRUE,FALSE,FALSE,,NEEDS_NEW_ILI,Q14549482:NO_P5063; Q36177:NO_P5063
88957229-n,"an annual herb that grows in open grasslands, roadsides and pathways that originates in the Americas and is used in traditional herbal medicine",,Euphorbia hirta,Q14549482|Q36177,TRUE,FALSE,FALSE,,NEEDS_NEW_ILI,Q14549482:NO_P5063; Q36177:NO_P5063
89071275-n,common cypress of southeastern United States having trunk expanded at base; found in coastal swamps and flooding river bottoms,,swamp cypress|pond bald cypress|southern cypress|bald cypress|Taxodium distichum,Q148950,TRUE,FALSE,FALSE,,NEEDS_NEW_ILI,Q148950:NO_P5063
89535166-n,a tax based on the value of the goods collected by the end retailer,,value-added tax|VAT|goods and service tax|GST,Q128635,TRUE,FALSE,FALSE,,NEEDS_NEW_ILI,Q128635:NO_P5063
92416394-n,an exchange rate for a currency where the government has decided to link the value to some valuable commodity like gold; a fixed exchange rate does not change according to market conditions.,,fixed exchange rate,Q66143,TRUE,FALSE,FALSE,,NEEDS_NEW_ILI,Q66143:NO_P5063
92440968-n,a thermodynamic process during which the volume of the closed system undergoing such a process remains constant.,,constant-volume process|isometric process|isovolumetric process|isochoric process,Q208388,TRUE,FALSE,FALSE,,NEEDS_NEW_ILI,Q208388:NO_P5063
92406064-n,the minimum share of the vote which a political party requires to secure any representation.,,election threshold,Q217032,TRUE,FALSE,FALSE,,NEEDS_NEW_ILI,Q217032:NO_P5063
92412942-n,"a unit of area measurement equivalent to 1 centimeter in length multiplied by 1 centimeter in width, where one centimeter equals 0.3937 inch.",,square centimetre|square centimeter,Q2489298,TRUE,FALSE,FALSE,,NEEDS_NEW_ILI,Q2489298:NO_P5063
92439490-n,"the currency of eight independent states in West Africa: Benin, Burkina Faso, Guinea-Bissau, Ivory Coast, Mali, Niger, Senegal and Togo.",,West African CFA franc,Q861690,TRUE,FALSE,FALSE,,NEEDS_NEW_ILI,Q861690:NO_P5063
92439491-n,"the currency of six independent states in central Africa: Cameroon, Central African Republic, Chad, Republic of the Congo, Equatorial Guinea and Gabon.",,Central African CFA franc,Q847739,TRUE,FALSE,FALSE,,NEEDS_NEW_ILI,Q847739:NO_P5063
92467769-n,a unit of area measurement equivalent to 1 millimeter in length multiplied by 1 millimeter in width.,,square millimeter|square millimetre,Q2737347,TRUE,FALSE,FALSE,,NEEDS_NEW_ILI,Q2737347:NO_P5063
92417111-n,a measure of a company's total debt to its total assets.,,debt ratio,Q2234049,TRUE,FALSE,FALSE,,NEEDS_NEW_ILI,Q2234049:NO_P5063
92438977-n,a mathematical function that is an onto mapping.,,surjective function|onto function|surjection,Q229102,TRUE,FALSE,FALSE,,NEEDS_NEW_ILI,Q229102:NO_P5063
92439903-n,the ratio of the heat capacity at constant pressure (C_P) to heat capacity at constant volume (C_V).,,heat capacity ratio|adiabatic index,Q503869,TRUE,FALSE,FALSE,,NEEDS_NEW_ILI,Q503869:NO_P5063
13883813-n,"a geometric representation of the complex numbers established by the real axis and the orthogonal imaginary axis; it can be thought of as a modified Cartesian plane, with the real part of a complex number represented by a displacement along the x-axis, and the imaginary part by a displacement along the y-axis",,complex plane,Q328998,TRUE,FALSE,FALSE,,NEEDS_NEW_ILI,Q328998:NO_P5063
92438963-n,"In microeconomic theory, a graph showing different bundles of goods between which a consumer is indifferent.",,indifference curve,Q467092,TRUE,FALSE,FALSE,,NEEDS_NEW_ILI,Q467092:NO_P5063
92438964-n,"In economics, the graph depicting the relationship between the price of a certain commodity and the amount of it that consumers are willing and able to purchase at that given price.",,demand curve,Q8981416,TRUE,FALSE,FALSE,,NEEDS_NEW_ILI,Q8981416:NO_P5063
92439239-n,the angle between two planes.,,dihedral angle|torsion angle,Q911907,TRUE,FALSE,FALSE,,NEEDS_NEW_ILI,Q911907:NO_P5063
91001591-n,A discomfort or a fear when a person is in a social interaction that involves a concern of being judged or evaluated by others.,,social anxiety,Q3557657,TRUE,FALSE,FALSE,,NEEDS_NEW_ILI,Q3557657:NO_P5063
92468294-n,fear of magic properties of the number 666,,hexakosioihexekontahexaphobia,Q420724,TRUE,FALSE,FALSE,,NEEDS_NEW_ILI,Q420724:NO_P5063
82691705-n,a nucleoside component of RNA; composed of cytosine and a ribose ring,,cytidine,Q422538,TRUE,FALSE,FALSE,,NEEDS_NEW_ILI,Q422538:NO_P5063
86800337-n,a nucleoside component of RNA; composed of guanine and a ribose ring,,guanosine,Q422462,TRUE,FALSE,TRUE,i116398,USE_EXISTING_ILI,Q422462:has_P5063(i116398)
92406518-n,"a chemical compound with chemical formula BN, consisting of equal numbers of boron and nitrogen atoms.",,boron nitride,Q410193,TRUE,FALSE,FALSE,,NEEDS_NEW_ILI,Q410193:NO_P5063
92407420-n,a chemical compound with the formula H2SeO3.,,selenious acid|selenous acid,Q413722,TRUE,FALSE,FALSE,,NEEDS_NEW_ILI,Q413722:NO_P5063
92424129-n,a herbicide and a plant growth regulator.,,maleic hydrazide,Q677933,TRUE,FALSE,FALSE,,NEEDS_NEW_ILI,Q677933:NO_P5063
92424810-n,The name ‘ecdysteroid’ refers to the insect moulting and sex hormones which include ecdysone and its homologues such as 20-hydroxyecdysone.,,ecdysteroid,Q138983,TRUE,FALSE,FALSE,,NEEDS_NEW_ILI,Q138983:NO_P5063
92430963-n,"a chemical compound that contains carbon-carbon double bonds or triple bonds, such as those found in alkenes or alkynes, respectively.",,unsaturated compound,Q899851,TRUE,FALSE,FALSE,,NEEDS_NEW_ILI,Q899851:NO_P5063
92431175-n,"a lightweight, precast, concrete building material invented in the mid-1920s that simultaneously provides structure, insulation, and fire- and mold-resistance.",,autoclaved concrete|autoclaved aerated concrete|porous concrete|autoclaved lightweight concrete|autoclaved cellular concrete|AAC,Q916964,TRUE,FALSE,FALSE,,NEEDS_NEW_ILI,Q916964:NO_P5063
88898629-n,political revolution in China in 1949,,Chinese Communist Revolution|Chinese Revolution|Second Chinese Civil War,Q32993,FALSE,TRUE,FALSE,,NEEDS_NEW_ILI,Q32993:NO_P5063
87889633-n,rocket developed and used by the United States Navy during World War II,,Old Faithful|4.5-Inch Beach Barrage Rocket,Q4637253,FALSE,TRUE,FALSE,,NEEDS_NEW_ILI,Q4637253:NO_P5063
92447866-n,Mozilla Calendar was a free software / open source calendar and personal information manager based on the open iCalendar standard.,,Mozilla Calendar,Q628187,FALSE,TRUE,FALSE,,NEEDS_NEW_ILI,Q628187:NO_P5063
90000002-n,an online mobile photo-sharing site,,Instagram,Q209330,FALSE,TRUE,FALSE,,NEEDS_NEW_ILI,Q209330:NO_P5063
08985168-n,the third smallest Malaysian state; located in the southern region of the Malay Peninsula,,Malacca,Q185221,FALSE,TRUE,FALSE,,NEEDS_NEW_ILI,Q185221:NO_P5063
08985331-n,the second smallest Malaysian state; located on the northwest coast of Peninsular Malaysia,,Penang,Q188096,FALSE,TRUE,FALSE,,NEEDS_NEW_ILI,Q188096:NO_P5063
08985494-n,the smallest Malaysian state; located at the northern part of the west coast of Peninsular Malaysia,,Perlis,Q213467,FALSE,TRUE,FALSE,,NEEDS_NEW_ILI,Q213467:NO_P5063
08985666-n,one of the 13 states that constitute the Federation of Malaysia; located on the western coast of Peninsular Malaysia,,Negeri Sembilan,Q213893,FALSE,TRUE,FALSE,,NEEDS_NEW_ILI,Q213893:NO_P5063
08985864-n,sultanate and one of the 13 states of the Federation of Malaysia; situated in eastern Peninsular Malaysia,,Terengganu,Q189701,FALSE,TRUE,FALSE,,NEEDS_NEW_ILI,Q189701:NO_P5063
08986024-n,sultanate and one of the 13 states that constitute the Federation of Malaysia,,Selangor,Q189710,FALSE,TRUE,FALSE,,NEEDS_NEW_ILI,Q189710:NO_P5063
08986176-n,sultanate and one of the 13 states that constitute the Federation of Malaysia; is the fourth largest state in the country,,Perak,Q188953,FALSE,TRUE,FALSE,,NEEDS_NEW_ILI,Q188953:NO_P5063
08986325-n,"the third largest state in Malaysia, sultanate and one of the 13 states that constitute the Federation of Malaysia",,Pahang,Q191346,FALSE,TRUE,FALSE,,NEEDS_NEW_ILI,Q191346:NO_P5063
08986475-n,sultanate and one of the 13 states that constitute the Federation of Malaysia; positioned in the north-east of Peninsular Malaysia,,Kelantan,Q185944,FALSE,TRUE,FALSE,,NEEDS_NEW_ILI,Q185944:NO_P5063
08986627-n,sultanate and one of the 13 states that constitute the Federation of Malaysia; located in the northwestern part of Peninsular Malaysia,,Kedah,Q188947,FALSE,TRUE,FALSE,,NEEDS_NEW_ILI,Q188947:NO_P5063
08986776-n,sultanate and one of the 13 states that constitute the Federation of Malaysia; located in the southern portion of Peninsular Malaysia,,Johor|Johore,Q183032,FALSE,TRUE,FALSE,,NEEDS_NEW_ILI,Q183032:NO_P5063
82505280-n,unrecognized de-facto state in South Caucasus,,Artsakh|Republic of Artsakh|Nagorno-Karabakh Republic|Nagorno-Karabakh,Q244165,FALSE,TRUE,FALSE,,NEEDS_NEW_ILI,Q244165:NO_P5063
82858004-n,"state on the island of Cyprus, only recognized by Turkey",,Northern Cyprus|Turkish Cyprus|Turkish Republic of Northern Cyprus|TRNC,Q23681,FALSE,TRUE,FALSE,,NEEDS_NEW_ILI,Q23681:NO_P5063
84732978-n,de facto unrecognized state in Eastern Europe that has declared independence from Moldova,,Transnistria|Transdniester|Pridnestrovia|Pridnestrovian Moldavian Republic|Pridnestrovie,Q907112,FALSE,TRUE,FALSE,,NEEDS_NEW_ILI,Q907112:NO_P5063
85353705-n,"de facto state in the Horn of Africa, generally recognized as part of Somalia",,Somaliland|Republic of Somaliland,Q34754,FALSE,TRUE,FALSE,,NEEDS_NEW_ILI,Q34754:NO_P5063
87923538-n,"city in India, described as a capital in Mahabharata",,Hastinapur|Hastinapura,Q459714,FALSE,TRUE,FALSE,,NEEDS_NEW_ILI,Q459714:NO_P5063
88471280-n,disputed state in the South Caucasus,,South Ossetia|South Ossetian Republic|Republic of South Ossetia,Q23427,FALSE,TRUE,FALSE,,NEEDS_NEW_ILI,Q23427:NO_P5063
89648353-n,partially recognized state in the western Maghreb,,Sahrawi Arab Democratic Republic|SADR|Saharaui Arab Democratic Republic|Saharawi Arab Democratic Republic|Western Sahara,Q40362,FALSE,TRUE,FALSE,,NEEDS_NEW_ILI,Q40362:NO_P5063
09470589-n,the strait between the Malay Peninsula and Sumatra; it connects the Pacific Ocean to the east with the Indian Ocean to the west and is an important shipping lane,,Strait of Malacca,Q48359,FALSE,TRUE,FALSE,,NEEDS_NEW_ILI,Q48359:NO_P5063
10955318-n,French philosopher (born in Germany) famous as being one of the first self-described atheists in Europe,,Dietrich|Paul Heinrich Dietrich|Thiry|Paul-Henri Thiry|d'Holbach|baron d'Holbach,Q7104,FALSE,TRUE,FALSE,,NEEDS_NEW_ILI,Q7104:NO_P5063
81259478-n,British actress born in Brussels (1929-1993),,Audrey Hepburn|Audrey Kathleen Hepburn|Audrey Kathleen Ruston|Audrey Ruston|Hepburn,Q42786,FALSE,TRUE,FALSE,,NEEDS_NEW_ILI,Q42786:NO_P5063
